64d4a935-57ec-4893-9100-3bec96b4140b,Ki,Duffield,03 Starling Place,jbarnshawk@techcrunch.com,2010-03-25,3426.0
267cb60f-3251-41a8-bf32-6299f036db08,Bryon,Sillitoe,043 Huxley Place,dgreephc@hostgator.com,2015-11-22,2599.0
c0aea791-4f6e-4822-8e56-acf6541210d5,Viviene,Wollard,969 Oneill Point,jstebbindc@ocn.ne.jp,2016-12-12,2265.0
939d1daf-69ae-47d8-ae90-9603f1156af0,Janice,Sherebrook,66623 Grasskamp Park,mcattlx@addtoany.com,2010-08-03,2256.0
34762846-b01f-4e8c-9f7a-0751f76dc9d4,Dreddy,Byllam,6 Hoepker Trail,cnystrom1c@harvard.edu,2016-04-18,3796.0
31e217f7-6014-42e1-9e20-25c05ea93ac5,Hilda,Ellice,2946 Pennsylvania Lane,mpendletoncd@behance.net,2016-02-08,2100.0
7b5ec6c4-60cc-4e7c-b3c2-6d81119da717,Northrup,Urlin,2931 Dakota Point,atweddell10@apple.com,2011-04-09,3835.0
daa8cb57-25fe-4b62-b048-b0a1d3f0b810,Archambault,Glede,672 Parkside Point,cloblecg@nasa.gov,2014-02-11,2741.0
c55b2e31-27e5-4089-84bc-76828c069a6b,Minerva,Urlin,38154 Mallard Pass,cquickfallnk@barnesandnoble.com,2012-01-08,3997.0
9f7c23a8-88de-424c-a3c0-f59554dc85cf,Meyer,Zanardii,538 Armistice Hill,jranyardo1@newsvine.com,2018-09-06,2445.0
d28a02a6-7da7-4bba-8126-cb433d5a6d85,Marion,Yourell,4 Forest Run Center,yyounglovec6@netvibes.com,2010-02-12,2787.0
4d047bf3-f411-492a-8684-284160d21044,Meyer,Hebden,922 Bashford Place,ihargrovesip@4shared.com,2010-03-27,3653.0
fd020401-4942-4a43-94f2-ac22b41d52be,Donia,Puddan,4104 Kim Junction,vgiles5c@wiley.com,2010-04-02,2353.0
9ba56dbd-3e77-4024-906e-d5aa93ad952c,Rhodia,Urlich,2 Tennyson Lane,rhankinsex@imgur.com,2014-10-09,2076.0
b290bf81-78b0-4ce0-8bee-28a49976fa50,Ameline,Mebius,90 Commercial Park,fricciardelli9p@hostgator.com,2016-07-26,3884.0
587697d8-cec8-4668-860e-663b1d30414a,Shaun,Leipnik,4 Havey Crossing,jseeler1m@google.it,2012-11-12,2582.0
dfb4d730-a715-4b79-a870-7aedf5d739b3,Gayelord,Rebbeck,05306 Hooker Parkway,fmyatt5x@ucoz.com,2016-11-06,3220.0
78a3bc05-9d15-4b49-88f5-5fe6653d0624,Aile,Studart,1 Sundown Park,ggaizegx@fc2.com,2011-06-23,3152.0
97a9f255-112f-4c75-868d-31eb964d87b4,Gage,Byllam,1938 Knutson Way,lgoulbornem2@ustream.tv,2010-09-27,2692.0
9aef23d3-4a4d-4112-b050-ab758e2f344d,Phylys,Hebden,584 Pearson Street,hmcqueenc8@cpanel.net,2016-08-05,3906.0
eaf22a61-59fb-4f86-af12-4d9124fbbb2d,Roma,McIleen,54837 Almo Avenue,gsibbsa7@miitbeian.gov.cn,2010-07-31,2700.0
0f72b42e-326c-4e8a-85a6-b65fca38aff3,Curt,Berrey,684 Crowley Lane,fpashbeegn@instagram.com,2011-06-03,3434.0
6282597b-4124-454c-b8e1-511361efbdfe,Keri,Sillitoe,46 Coolidge Trail,fmyatt5x@ucoz.com,2018-09-12,2324.0
54a4a21c-c947-49c5-9193-a24cae0e9dc1,Curt,Sherebrook,79574 Randy Pass,mlorent8l@eepurl.com,2015-04-09,3394.0
179479de-52c8-4091-a9ec-98970dbfcdeb,Sydney,Rudiger,6 8th Point,jtumilsonbn@accuweather.com,2014-07-28,3841.0
edf70509-8458-43cc-92f7-6850078aae7d,Devlin,Hardson,647 Butterfield Pass,gvedmorej1@newyorker.com,2017-08-01,2892.0
945c8793-9300-43de-ac6a-fbf000b8245a,Alyda,Sherebrook,48 Marcy Pass,amaccafferky82@hc360.com,2015-03-23,2761.0
affbc1a5-9ba7-4e1c-89a8-d05a1735541f,Eberto,Harcarse,9232 Jenifer Junction,gdikelinqj@hud.gov,2017-10-20,3991.0
946e646f-ddd0-4ef0-8d14-6188842f5689,Kaela,Gosforth,79 Northport Center,lcalderonav@globo.com,2011-02-06,3975.0
adadc915-2f49-4014-83fa-7c6390fd4745,Elisa,Avarne,86783 Melrose Hill,awadhaml4@ask.com,2016-01-13,2413.0
97943432-3916-4f3c-9589-317bbc189a91,Kelila,Berrey,7193 Knutson Drive,dcantor1f@google.pl,2014-09-09,2950.0
dc618445-489b-4dfe-8b9f-41321d5e04fd,Conn,Diemer,45014 Daystar Plaza,aaspall14@hostgator.com,2018-03-26,2162.0
67edaeab-d336-4a9f-8795-173031e484b3,Petunia,Meegin,9315 Northwestern Crossing,pwylliep0@theatlantic.com,2018-04-01,3819.0
ba29b250-36c2-49e4-8225-664c6f52a44e,Marion,Riddiough,477 Lyons Center,kchristauffourc5@google.ca,2018-06-23,2912.0
de392a93-fbe6-453c-9430-7eae32bffa27,Anabella,Renshall,4184 Mayer Hill,btamsji@yellowbook.com,2015-03-02,2637.0
8e89a153-b727-475d-a223-e7982073d38c,Charlton,Bartlam,82245 Kingsford Point,nbloys5k@wikimedia.org,2017-03-08,3808.0
3f48c1d8-dc89-49e1-88a0-84934ceb3812,Cecil,Kippling,5673 Bowman Way,oentresg3@constantcontact.com,2013-09-01,2738.0
c7534200-294b-462c-ba5f-fabd1a4d3a97,Vevay,Boyington,63918 Forest Street,jkeefer0@mail.ru,2013-09-07,2864.0
4128202e-6136-4a6c-adda-3058ace8dbd4,Nari,Shakespear,9 Fairfield Lane,ndensumbeqg@sohu.com,2017-04-30,2221.0
cb91bc0b-198f-49cf-bbdc-c4fe4709466d,Wini,Shovel,926 Erie Trail,acolbertsonfp@bluehost.com,2013-10-30,2465.0
a5352562-bba9-4eec-9a7b-a1f1c3629b88,Anabella,Boutflour,1 Lake View Street,mcohanelk@amazon.co.uk,2010-08-27,2342.0
9eca7abb-3eba-4ab6-974a-e822d12f9231,Meyer,Adolthine,43111 Dapin Avenue,ffidellir4@tmall.com,2014-07-01,2954.0
6a190f94-139a-4d76-b527-3de79e1ae7c9,Keri,Clearie,50697 Continental Crossing,rkleehuhlerby@prnewswire.com,2010-04-08,3583.0
1557b081-2faf-4e46-b3b6-b4685c7e6579,Elroy,Harcarse,8112 Browning Trail,crosif7@friendfeed.com,2012-07-28,2328.0
ea974b48-0f5f-4407-b06e-887263bbf4de,Dyann,Farnes,70105 Northland Terrace,mollivierrebc@mashable.com,2016-09-07,3420.0
82032149-3e73-4794-8cfe-1b3c0aed3b53,Marissa,Goodin,7476 2nd Hill,acathrofv@pagesperso-orange.fr,2012-02-21,3916.0
1e8c61b6-f83a-4239-afef-6a2433eb0535,Elroy,Heistermann,3831 Buena Vista Road,wkmiecfx@wiley.com,2012-04-01,2020.0
ef9571c4-4989-4a5e-9389-88762731a464,Amie,Tomasik,9 Bayside Court,kgriffittbv@taobao.com,2011-01-06,3508.0
d68efc74-93f8-4ee2-bec6-7da80c495503,Dreddy,Rattenbury,42522 Darwin Street,amellodyco@intel.com,2018-08-09,3913.0
eafbd218-2524-4953-b0d5-6c43200e2c93,Kaela,Byllam,7 Stuart Street,trulten3n@wix.com,2015-05-15,2867.0
79cd8578-b15f-4fe9-937f-8fe3da5cd4f3,Bamby,Einchcombe,8 Sachs Point,cfellini16@cdc.gov,2016-07-10,2727.0
88c2bf07-8b51-4707-bb16-6bb68ffede8b,Ki,Kornel,12 Linden Lane,aromagnosima@mediafire.com,2012-05-26,2334.0
3a18a447-32f9-4ab2-a813-b158bc15aa6c,Appolonia,Shovel,55166 Lunder Avenue,rcresswellck@yale.edu,2014-06-23,3191.0
9776b0af-064a-4a15-9894-4ef6e8a5b62d,Keri,Bartlam,5547 Stang Pass,jfriim@google.co.uk,2014-11-18,2486.0
d5005968-49f5-4aa9-94e1-e5b102bf3329,Lanie,Pauls,7 Warbler Place,lbelamygu@army.mil,2013-10-01,3925.0
4851fb61-94b9-435f-a446-ff91df03560d,Rollie,Rebbeck,83 Vernon Pass,crickfordnp@myspace.com,2016-06-06,3938.0
4c2282bd-11c2-4aca-87ce-8bef79aef2ac,Petunia,Byllam,04758 Maple Place,lspeereg2@theguardian.com,2015-01-22,2447.0
d561aae0-dc6a-4d49-89ea-b9e52cb28fc2,Lanie,Hebden,70811 Bashford Hill,nchatelet8n@dmoz.org,2015-09-30,3412.0
b14d1d14-84a5-467a-bc7e-6f3ed6fdc42a,Brier,Zanardii,29549 Center Place,dgianielloqr@paypal.com,2011-01-30,3580.0
37b24de7-e9f5-4aed-b386-bd601956418c,Phyllis,Byllam,33757 Monument Park,scampaignea0@php.net,2013-05-15,2188.0
60dd495d-8e50-4dbc-b68e-4d7463f30382,Keri,Balding,1 Sunbrook Junction,trulten3n@wix.com,2016-10-13,2704.0
6cd16e74-f902-4f02-848a-dd9baf85b4ea,Franzen,Grisewood,47377 Wayridge Circle,elevecque9q@scientificamerican.com,2016-03-05,3223.0
96458606-4fa2-4efb-8ca6-ab4f5a2c1656,Gage,Sedgman,7 David Pass,wdursleyhf@51.la,2014-02-09,3791.0
eaa1ac5c-0317-41a9-a7bf-01435a91ea18,Bamby,McGawn,05907 Loftsgordon Street,drihosekfh@alibaba.com,2012-06-21,3247.0
ba7959af-e095-4eb7-9fa7-062f8900262c,Amye,Grisewood,208 Gina Place,afurbymu@redcross.org,2011-01-30,2363.0
5ba1029e-1a09-4d5c-a23c-3abfade1ab6b,Merola,Giacoboni,7910 Atwood Terrace,kgrzegorzewskiay@ihg.com,2015-08-08,3840.0
7cd61759-0530-4949-a853-e3fd23946898,Bryon,Josselsohn,24 Westend Plaza,gdeansh1@ebay.co.uk,2017-08-14,2178.0
ba7e297c-cc12-409b-bc8b-f3672178637c,Keri,Bryde,10684 Del Sol Park,mbramleyab@chron.com,2016-01-23,3913.0
8d92b84d-969c-400f-aa9a-5f1ffd35d9a7,Bertrando,McMechan,28396 Sundown Parkway,kstate2z@facebook.com,2012-11-11,2686.0
3d6fe5c4-9624-4a69-a007-1e7a05f51e1f,Curt,Zanardii,63 Dakota Center,bhuegette0@nsw.gov.au,2014-07-31,3749.0
db987d36-59c1-4808-a2c6-9303348c0920,Merola,Rudiger,17130 Kingsford Road,eglasard2v@ycombinator.com,2011-11-25,2556.0
2f0cd905-750f-4753-9b0d-e554255e6f36,Archambault,Boyington,354 Mallory Way,mbauld4v@apple.com,2012-02-17,2772.0
c78ec1dc-a38d-43c4-b156-af0bdf991fe6,Janice,Goodin,5664 American Ash Alley,kduding1g@prnewswire.com,2010-10-28,3319.0
c20fb464-c54a-42dc-8d38-6c31cf909957,Halimeda,Probbin,07 Charing Cross Drive,dbrounfieldl5@macromedia.com,2015-08-27,2136.0
97d19e1d-aa65-4e67-8d40-a99749309f5e,Yves,Coton,9 Doe Crossing Court,kwakeleyj9@shareasale.com,2011-07-19,2370.0
88d6d068-5428-4147-ae61-3e383e49eaa8,Lily,Bartlam,353 Columbus Hill,adorow9g@google.pl,2017-06-06,3880.0
fb1167f9-49b9-4ca9-9aac-ca3aee97c012,Rollie,Bartlam,8757 Jackson Drive,erizzoqf@storify.com,2014-02-10,3280.0
292023d1-1fe4-475d-827a-6aef408a10cf,Ameline,McCoid,44 Crownhardt Lane,dcantor1f@google.pl,2014-02-26,3511.0
45717546-3c36-4296-8fd8-2931d0382485,Silvana,Varley,303 Longview Alley,lspeereg2@theguardian.com,2010-03-26,3415.0
a597137d-c714-467e-b524-53d2cbc8c052,Bathsheba,Brunt,2 Blackbird Avenue,rellwandah@google.co.jp,2017-05-08,2397.0
0fa11230-326e-4ccd-8b2a-2a5846850af9,Nari,Haney`,17 Pearson Hill,kizacenko73@mit.edu,2017-10-30,2124.0
02c2bbeb-8067-4ddf-885a-c8c1a1401d35,Bentlee,Brunt,671 Dennis Avenue,wlewingee@msu.edu,2017-06-29,2814.0
0fc2d847-414d-4d46-9f2d-c37abe80026d,Augustina,Sworder,904 Prairie Rose Pass,efooks2f@intel.com,2017-08-25,2171.0
f3148a50-cd04-49cf-86d5-63894033df97,Augustina,Urlich,04236 Hauk Alley,lkennallylz@webeden.co.uk,2012-03-08,3600.0
d82b7e12-6394-49f0-9b5a-2ddf2e305aa7,Elroy,Rattenbury,4226 Maple Wood Court,sgrimmir@patch.com,2015-09-25,2704.0
d41e6016-1e4a-4b55-b71c-319d67e35cbe,Archambault,MacFayden,294 Milwaukee Trail,soatley8o@4shared.com,2011-01-13,3654.0
3a5d13b2-359f-4043-a4b3-b3c6726c93a9,Ardith,Sherebrook,04758 Maple Place,rtampinoc@icq.com,2016-03-08,3219.0
d220fa8f-8b4a-465c-8de4-2c8b9f40d6d4,Hilde,Kippling,9 Fordem Crossing,fcellerjj@unblog.fr,2017-09-27,3746.0
ca711a56-25e6-4c4f-9cfc-0d6643097bd2,Kaela,Harridge,9723 Twin Pines Street,fmcdell1n@twitpic.com,2010-10-13,2385.0
37cce973-c7df-4d01-a097-7e1f2d4fa43b,Cecil,Sillitoe,4243 Fordem Parkway,mlengleto5@flickr.com,2012-08-21,2481.0
bb4a25c4-ab77-4303-9697-b87f74fdbabc,Donn,Wollard,569 5th Park,scurado9c@google.fr,2016-07-06,2132.0
5cd02d16-221c-408b-9d04-fca7b1907cac,Lucais,Bryde,9039 Springs Park,kflipsenps@blog.com,2017-05-01,2729.0
cc9d3b56-0834-4f98-9b3f-bc5c8e112ef7,Yard,Sedgman,6261 Browning Drive,ccushion51@bloglines.com,2016-01-14,3010.0
d347774e-e553-48a2-a03b-8d237c273b17,Homer,Brunt,08625 Ramsey Center,fmacilhagga1i@senate.gov,2017-06-21,3555.0
4e96efe1-130d-4c70-bd24-7ebdbb330ead,Yves,Rebbeck,7 Arkansas Lane,falflata9@goo.ne.jp,2013-11-01,2882.0
98931771-e74c-4b2a-8372-44f8b5f649bd,Vevay,Giacoboni,54 Florence Parkway,jmcgaheydq@naver.com,2011-02-02,2146.0
52943fad-930b-4bba-82d3-e2519b385942,Vladamir,Trundler,58 Rockefeller Court,rrolling8j@mapquest.com,2012-02-12,2688.0
61e6429b-b22d-492d-931f-90c7d2e65966,Amalee,Hebden,28396 Sundown Parkway,bguisotr9@uiuc.edu,2015-06-29,3430.0
56a363ff-f53a-4748-8e95-cc4e90f9b2e1,Kelcey,Mc Comb,99 Canary Road,emckeown7z@bloomberg.com,2010-03-01,2755.0
22da8ff4-56f2-4c2b-a882-585bf4558b5e,Lily,Roon,56 Parkside Way,lbeerebb@skype.com,2011-03-12,3992.0
