ae7612d4-1ed8-48ac-bf04-f82f6f38c203,Kelila,5 Canary Way
17199fcb-a844-4e9d-a5ae-2221f4f3d1d6,Merola,93 Texas Parkway
eeaa5901-05f2-4aa7-ad75-67ca2ec40d12,Kaela,54291 Heath Parkway
af92f24d-857e-4b09-8ab5-364f3e6df8a0,Bernhard,73 Granby Way
98453075-742e-47cd-afab-db6777deb811,Kelila,12156 1st Street
efba900b-0786-4c37-8618-1b0c237df4ed,Kelcey,561 Shelley Plaza
ac0562f1-9f88-48a5-b62e-f5c91ed3dbff,Asa,0 Anthes Center
52b288d7-a1a7-4ea2-8177-e648a6bf370e,Kaela,5448 Sachtjen Place
3172fcc0-a64d-4105-bb97-a24669c4b3fb,Curt,4 Duke Crossing
7ae601c9-1e46-4f83-8d95-5e77da173440,Alejoa,70811 Bashford Hill
9e23d09c-4b0f-4ff6-b8c3-027dc6b2fdb7,Hodge,1 Gateway Drive
f6245ca9-6a81-4458-a255-3fc626efa454,Phyllis,2 Derek Alley
ab2873d7-ff98-4e28-9814-d1c14c0c3069,Donia,3 Farmco Pass
fe8707e8-5c16-4438-97d2-701834b48b96,Amye,043 Norway Maple Court
d2093345-e927-4567-8535-fa28d99d77f7,Dyann,03509 Glendale Street
de4afd5b-2c2c-444a-9d5e-b025906138d9,Eberto,2 Derek Alley
1c25f4a3-4d96-4dca-8234-38f6094e0902,Ki,38458 Trailsway Pass
f7521d4c-5760-4b4e-8fa7-fa378d7d10a4,Ardith,307 Emmet Pass
23609119-f758-4906-9e39-7dbd422a91bd,Petunia,176 Bobwhite Hill
541c929f-b945-47eb-a02c-b1f806049559,Wini,3433 Golden Leaf Center
c50230ee-97d7-4f18-9231-115bedc1978f,Ki,0757 Tennessee Plaza
cf6a69ea-a2bc-45d3-90e9-901b224936a3,Micheal,9 Merrick Street
9783768b-6b12-4bc2-af4c-f813b0415c44,Nickie,4771 Bellgrove Junction
5856aa7d-3dc9-478a-a6e8-32f48d9731a6,Bathsheba,44 Melvin Court
3623fbf0-b68c-4f9b-ad2b-bc41bee2911a,Alfredo,1130 Parkside Lane
420f23b7-c1f8-4f08-943a-b15d6586592b,Delmar,77 Brentwood Place
0eee9834-c40a-4eed-9cb6-44ad55c3ea24,Brier,8292 Rockefeller Plaza
12a2fb86-c3eb-44f6-8a9c-c99049dd3100,Halimeda,1878 Blaine Pass
d31c1318-fa51-48a2-8b68-93e4f03800ef,Elisa,3105 Bartelt Point
65ca535b-4a48-4b4e-9367-2c255abf87c2,Appolonia,3251 Lawn Plaza
31c7854f-34b1-4f37-8174-603b7aba9b6b,Sydney,6 Butternut Point
0a47b2b7-fed7-47b1-aee9-885e21070051,Ameline,68857 Petterle Court
300f06ac-5ffd-42d0-85ad-5acf3112e2ac,Anabella,8696 Montana Parkway
d1b4b07a-b127-4faa-9926-ece078129080,Alyda,9 Lakeland Junction
ce8c4f51-8c60-40c9-ac89-b17faadb0a48,Donn,564 Erie Hill
264baddb-2a76-4c33-b562-1ca82079d785,Rollie,3331 Algoma Terrace
88d0fb0a-d1dd-4202-9c51-db90ec068313,Curt,2 Corben Way
56cb9615-d91e-4f93-a225-9755360ceb13,Francklin,0 Stoughton Plaza
e86aa382-d706-40f5-a738-d8ed3d709e34,Aigneis,6074 Eastwood Lane
65f24317-2113-42ed-95d3-71e61fc2e5b5,Alejoa,1 Independence Point
3f1e9d72-9cc1-4790-be5c-39f5e1d5954a,Vevay,2124 Hoepker Point
f1c2da66-d491-4677-aa8b-a4e6d52bf834,Farr,25 Melvin Parkway
038e21be-a3f4-4309-8c9f-af16c6cb753e,Northrup,3433 Golden Leaf Center
91156c6b-2d92-415c-a23a-585c3a1b26de,Annalise,22725 Mallard Drive
6d355193-8870-4dc5-95dc-d89ab1e6a7f6,Micheal,393 Service Street
6774b030-7d69-4c6f-9df5-ab94f3184ab1,Ardith,44 Crownhardt Lane
4b26695f-ef35-40de-8100-ed19751eebf8,Astrix,218 Ilene Hill
eb243ce7-cec2-4fc3-9340-3cbbb14274da,Annaliese,4047 Steensland Plaza
cc1ac850-d1eb-4916-a291-de8797586541,Yard,7 Talmadge Lane
ac21a0c0-62a0-422a-877f-7c0245ae1e98,Annalise,7403 Upham Plaza
e2ffabf8-4534-4a84-a640-afea325cbe6d,Conrade,7 Manitowish Alley
06733008-bd85-4d9f-9547-a9a2cbba72fc,Minerva,628 Commercial Hill
7c0fbf3d-d741-420c-ae89-9928885b0211,Phyllis,38 Menomonie Road
8c2cc79c-69b6-4a62-b1df-c9f9d11c65dd,Kelcey,23 Lighthouse Bay Street
259d4e8b-5829-4c4b-981b-3a8b116df651,Wallace,14 Northwestern Center
f438dd33-d721-40bd-9b3b-aaaec925d6ff,Berk,7 Granby Alley
f4ca3ac7-a9dc-4b07-a88f-be25e59a6c1c,Aigneis,10 Kennedy Way
8a40b286-9872-4270-88a7-3f7349ae18d8,Dyann,194 Forest Dale Court
8b686760-baf5-4f62-9256-35bd84551df3,Lily,8696 Montana Parkway
258ee7ac-d9bd-4fa7-a8df-c90c30efb169,Shaun,91869 Forest Lane
e362467d-92b4-42ae-b40b-7a2528a3b69d,Madelina,66 Linden Drive
9e797fb0-1491-4127-97b4-7741fad6e2f6,Yard,828 Moland Parkway
b1685b83-ae85-4dbe-82db-89717add96ef,Gayelord,59031 Village Green Pass
ecf4b5a7-993f-461f-be65-4389a9adb882,Donia,3 Montana Trail
54996e10-43d1-44a6-8e09-9d75ab8dea58,Amalee,90 Commercial Park
86de35c4-dd27-418d-95ac-646ce9eef477,Dreddy,14 Mitchell Trail
e80d5f2b-41b8-4bd5-8118-a1974579d8c7,Hildegarde,368 Longview Crossing
aab1dad3-3a6d-4443-b045-5245f2ae6063,Tamarah,007 Birchwood Way
f41a49a7-a0dc-4de3-865b-7ba42423f2f9,Amalee,00009 Graceland Junction
8da9b9d6-4e1d-4b0e-b728-3f84df12e10d,Wini,63 Grover Crossing
c51591fb-d4f6-49b5-94f5-c128858cbab8,Phylys,2 Tennyson Lane
d44b4cb7-705d-4270-b021-6f143ed7dfc5,Bentlee,369 Stuart Junction
47492c47-662d-4b89-b00d-a4e6bab4baac,Nari,79 Northport Center
f313e8b9-2aac-4c29-8a89-97295c3af7cd,Northrup,00009 Graceland Junction
b48fa791-f811-4654-8591-40e7689df6a3,Dreddy,80 Vera Park
31627e23-6df9-4f5f-a38f-52667ad344c1,Amye,2946 Pennsylvania Lane
dbbf01bb-e581-49f4-80f2-3da774f6a493,Kelcey,66374 Alpine Court
f3cd934d-ba7d-4f7e-81b0-a77440bfae5e,Bernhard,812 International Road
24fe8b95-b3ba-44ee-9377-73c07cfd543f,Annalise,09 Maple Trail
e974dbeb-8fb3-4363-a9c7-afd38bb59577,Ardith,17 Mesta Alley
b7606aa7-2e43-4c32-9aae-c7c63434e710,Keri,43111 Dapin Avenue
0c643563-05d3-404f-81b4-5767704175b2,Marion,37691 Eagle Crest Center
afac899f-31b2-43d1-af7a-1b3ef1429eef,Madelina,293 Colorado Crossing
6fe59ad1-cc9a-4dd6-8c73-3ed6637f54d8,Ameline,23 Heffernan Place
69acd5d7-d58e-4057-a861-918703fd5a33,Hilde,3 Del Sol Road
d686337d-b6d8-4e0e-b801-703ca7b9cb11,Bentlee,3856 Glendale Drive
fe980b57-4e96-43a4-bad5-860579460a77,Roma,1916 Emmet Circle
ad7da4a7-93b4-4d26-a417-68069300c664,Marissa,54403 Summerview Road
fea46a46-b33c-4845-a868-dfd1e0a424a7,Vinnie,7 Granby Alley
0ec3c18d-841c-46ff-9015-5e534ebf8a9f,Viviene,1 Welch Pass
754766a7-4723-4b62-9219-f1987e7501e3,Bertrando,9407 La Follette Lane
6ab3e806-8866-414b-b9c4-50d6159ffd79,Rhodia,68 Larry Alley
16b1aa32-9bd7-4976-b92f-38a66b9e88ca,Halimeda,492 Iowa Road
4663a321-9c73-42b2-ab09-0b24ca77f95c,Conn,3251 Lawn Plaza
5030ebef-c1a1-464a-9a8e-cc176d2e10f0,Anabella,1 Judy Center
af896f42-3c45-41ad-b760-ef1d74baf076,Amalee,512 Delladonna Avenue
71b87b57-fa09-4e65-8f92-e404a53d8a81,Petunia,262 Longview Pass
0471fd98-685f-4698-9620-35edc03bed83,Vladamir,70 Summerview Lane
6ef601e9-1941-4a74-9cd7-74a7943eb654,Bathsheba,25 Melvin Parkway
8dc329ba-460b-45dc-acdc-4e6b94f7f88b,Wallace,29371 Coolidge Drive
