fe84ae9b-c746-492d-878b-5706112c1514,POLAND,BYDGOSZCZ,9874 Farmco Street
c8cf8e4b-65b9-4c87-a8e1-127614d18e98,POLAND,LODZ,4 Elka Parkway
c01259aa-2a5b-4fe5-9fd7-fa5c6ea9325d,POLAND,GORZOW WIELKOPOLSKI,3457 Sunfield Circle
99add1fb-8d62-4635-b27b-980f31597341,POLAND,LUBLIN,52910 Ilene Drive
1e4e3005-f81a-4423-a7a2-cd6db976fa15,POLAND,GDANSK,7152 Fairfield Pass
79207240-06de-44da-963c-65b555fadbcc,POLAND,SZCZECIN,4 Reindahl Trail
cc89946c-97f0-4b23-afe0-dc7ba25e8642,POLAND,OPOLE,9463 Namekagon Park
2c0a7cf5-0e90-4d6b-96fd-b4011448dbec,POLAND,WROCLAW,229 Anderson Pass
1fee9f70-b0a9-4cf6-a540-dba88bb43310,POLAND,WARSZAWA,7898 Vidon Trail
d279b1c5-8e66-4f69-9a6d-78ba5c5af917,POLAND,RZESZOW,8 Dovetail Center
bddc26f5-7e61-443c-adf2-8291d41d23a0,POLAND,KATOWICE,5 Norway Maple Park
081d5cdb-5240-4cd1-adbc-3fa20e22211b,POLAND,KIELCE,37 Autumn Leaf Pass
c3a9d4a1-3676-48b4-899e-ba4b451637a0,POLAND,POZNAN,682 Vidon Parkway
f42d1c54-f1f7-406f-8c0b-f7868e983fd7,POLAND,OLSZTYN,9 Sachtjen Drive
abbdb909-d1ab-4b84-a4a1-883f5503b407,POLAND,ZIELONA GORA,325 Stuart Park
e51f7c18-6986-40a6-b890-3fb469e4cdca,POLAND,BIA≈ÅYSTOK,44 Roth Avenue
532e40d9-ca9d-460e-8955-dd489a98a5f0,POLAND,TORUN,5930 Brown Point
