23559e2d-8a7c-42a8-b281-8047de10a1af,Ardith,Avarne,414 Elka Park,gcarvell1w@posterous.com,2015-05-22,3624.0
27a0af4d-fbc3-49a1-a49f-6549a70a6c35,Brier,Jennens,529 Holmberg Crossing,ltothef9@myspace.com,2014-02-02,2642.0
707849f4-c37c-477b-9476-3b8527a27cd2,Julita,Currell,15 Pankratz Crossing,hgaitskillbs@tripadvisor.com,2016-02-04,2174.0
92a955d6-53e1-479d-99bd-37dd6738b36e,Roma,Balding,47 Vahlen Avenue,ahardwick8r@nsw.gov.au,2014-04-28,2327.0
5e8cf960-befe-4eb4-9527-314ca50bcc9f,Archambault,Studart,9 Eliot Pass,gderyebarrettd1@amazon.de,2016-07-11,2849.0
f52a0d22-42e2-42ee-8a03-5339635ca244,Mikey,McIleen,6223 Bayside Pass,mquelched@google.pl,2016-11-07,3868.0
19c811af-7adf-4d9e-abd3-d4b468df2448,Asa,Bryde,80 Columbus Road,hdwireas@liveinternet.ru,2010-02-28,2920.0
961414ad-d8ae-41ec-b0f6-b2197c82a531,Rollie,Puddan,3433 Golden Leaf Center,sdevereum3@skype.com,2012-07-03,2476.0
4c40838e-e97a-4294-affb-0bbf88967803,Dyann,Harcarse,4104 Kim Junction,abernthqo@dyndns.org,2016-10-03,3974.0
4d4a3646-6ec0-49c3-b054-0ddeb5f2aa9b,Dyann,Manifold,2 Union Center,mbabstn1@wiley.com,2017-01-25,2585.0
9b03d16c-9685-4f77-8202-08a5f9390817,Phylys,Harbison,62610 Esch Junction,kmatthewsfg@indiatimes.com,2017-05-21,3557.0
f736608a-1bdb-44da-8ded-a59b8f6015e2,Gage,Duffield,60521 Talmadge Pass,mfishendeno9@infoseek.co.jp,2018-05-24,2058.0
990b6d70-cc20-4d32-a66b-3460fa640f1a,Eberto,Goodin,80987 Lawn Junction,ianselmf0@51.la,2012-04-13,3210.0
92cd3a63-c786-4617-8cb3-a8e119e33f9b,Bertrando,Byllam,442 Petterle Road,jgildeajr@yandex.ru,2017-07-19,3478.0
6e29c7ce-491a-4254-971d-2400ef0e5ffb,Amye,Balding,1530 Arizona Point,likin1@joomla.org,2011-03-29,2230.0
6a9b471c-a088-4aad-8c9f-e2a9255a4d01,Conrade,Bartlam,108 Reinke Road,dfranklynlp@lulu.com,2012-06-08,3230.0
2b5f3370-cde4-4014-a494-fdc9c13e3343,Ardith,Shakespear,1362 Helena Drive,rbachellier95@ifeng.com,2013-12-10,3968.0
4ca9f5dc-16a0-4e3c-a407-f14923972a0c,Elroy,Offield,0908 Loeprich Parkway,lbarnfathero4@godaddy.com,2013-02-28,3629.0
15eef049-063c-44c4-8871-4965f9d38ab7,Farr,Tomasik,7272 Grover Circle,srechertb5@ftc.gov,2014-02-04,3920.0
5af68d48-7563-41ae-ae97-916aeec71eb2,Keri,Riddiough,1 Gateway Drive,froja36@oakley.com,2014-09-27,2249.0
6a86532e-143e-4646-81d6-3cac37379b97,Richie,Grant,108 Reinke Road,scrossfield1o@barnesandnoble.com,2010-12-14,2912.0
3a8ac1c8-1974-4643-93d6-1252a61212a5,Sydney,Ratnege,520 Randy Trail,cbrittino3@reuters.com,2015-08-04,3406.0
c170ce9b-3ae1-45fe-a823-d39331669323,Lucais,Sherebrook,54 Florence Parkway,kleckiepk@wikimedia.org,2018-07-09,3173.0
b0df41b4-6f7d-4cde-a597-e7a0e15a3a2b,Bertrando,Boyington,4371 Sherman Court,ssmallcombq3@webs.com,2016-06-15,2854.0
6ceac58d-0059-48d5-b332-96f0b2426280,Bertrando,Czapla,1 Lake View Street,kpenberthy1y@webmd.com,2018-04-16,3930.0
08e273b8-a6cc-4a02-bc64-d4575faf62e6,Conrade,Coddington,18429 Jenna Place,ldulsonjy@gnu.org,2011-09-06,3161.0
98a917de-4da4-4364-a739-2eb0b9c1da93,Delmar,Jennens,58 Rockefeller Court,jmccarterbg@cdc.gov,2017-02-19,3504.0
243374ac-d61d-4f8e-ae3c-676b6530d6a0,Elroy,Renshall,2042 Glendale Lane,bbrugger3f@cam.ac.uk,2012-08-06,2354.0
34bd3a55-7435-4818-b0e9-5d53edd1ffd0,Wini,Featherbie,03916 Stoughton Circle,sferrara5m@zimbio.com,2010-02-06,3977.0
aac59238-d203-4e19-b996-686892409598,Amalee,Gosforth,8690 Cambridge Plaza,eardyfr@usnews.com,2015-07-09,3142.0
30a39761-24e3-4240-90cd-3e3319ca47a0,Asa,Kornel,91932 American Terrace,ldemseya3@trellian.com,2012-11-11,3333.0
e99ce401-9f7c-45f2-a47c-cfde6d6d1829,Brier,Greystoke,010 Rockefeller Junction,igladbachow@mlb.com,2018-10-18,3070.0
0953a1f7-10de-49ee-9085-0af9419b7273,Keri,Ellice,7 Schiller Plaza,dattkins5y@mlb.com,2011-01-21,2912.0
f18d69cc-0988-4655-947f-de7531a0c8cb,Vinnie,Wollard,663 Arizona Alley,areekenft@cbc.ca,2015-02-03,3867.0
fcb7a7fb-a0b1-40a8-8b55-64cd27c2e298,Madelina,Shovel,4811 Marquette Place,rbogges81@upenn.edu,2011-05-30,3390.0
16862d67-49e8-4096-b736-8d103a7bad80,Milka,Claesens,15 Pankratz Crossing,rgwilliamns@techcrunch.com,2016-07-20,2029.0
76e91572-f3cb-4df4-827e-6b7b0ec8dedd,Marissa,Rattenbury,48895 Blue Bill Park Circle,hpinder7d@ebay.com,2017-05-18,3433.0
542d39c6-2cb2-4831-a82e-569a590d109d,Keri,Grisewood,9627 Stuart Plaza,cbarnethp@nba.com,2011-03-25,2579.0
0af53119-4a88-44f7-b9d2-d65e9a5ef5ca,Phyllis,Cambell,5678 Northwestern Alley,fcoweylh@cpanel.net,2012-08-13,3589.0
2711910e-3cfd-4c00-a416-3784dcf87d45,Donia,Featherbie,3 Fallview Park,kstate2z@facebook.com,2010-12-22,2989.0
a4f39a64-2cab-43f7-8439-7e2b26c13287,Lily,Varley,25388 Reindahl Trail,ffidellir4@tmall.com,2013-10-14,2770.0
2b216a86-c2e0-48e7-95d9-4d195f42ecde,Lanie,Currell,8292 Rockefeller Plaza,alimprichtk7@upenn.edu,2015-03-08,2929.0
6f0edbf0-b429-4c43-8c59-e427150f12ac,Kaela,Gosforth,34481 Jay Park,gmeaden6@ifeng.com,2011-08-29,2694.0
95c5c742-4c6f-453e-beac-bf951b5b6f53,Richie,Illwell,6523 Buhler Hill,rellwandah@google.co.jp,2010-02-24,2261.0
fa95d794-9bae-43dd-8f61-3bf3af6ccae9,Asa,Roon,7014 Northport Parkway,aleadbeatterd5@vistaprint.com,2010-11-24,2863.0
f904f092-d7d7-4b7f-b5b2-f26f5cbd228d,Yves,McCoid,44 Crownhardt Lane,crevelmb@patch.com,2011-05-21,2906.0
91aa4e3e-80fe-45b0-b9da-95bf85f6d010,Marissa,Pauls,66336 Mendota Road,edunsterkg@google.co.jp,2010-08-17,3703.0
08d24487-fc6b-441e-9649-5385a7fad44b,Yard,Shakespear,94874 American Drive,bbaversor5w@slashdot.org,2015-01-14,2283.0
77d6dda8-7f10-4f59-8360-83f4206d35db,Annalise,Shovel,341 Melvin Point,tcrannisld@goo.ne.jp,2018-02-09,3974.0
f786c238-d8a5-4f81-a6fe-aa4054fa1ce7,Janice,Voden,73515 Luster Alley,egangeoh@apache.org,2016-09-08,3695.0
7e99fd0f-508c-403f-92cf-d6420afb30b1,Donn,Varley,464 Lake View Point,trasherx@de.vu,2014-08-23,3634.0
973ee8cb-04a4-4720-950c-d7493050e9cf,Archambault,Ratnege,31 Moulton Lane,hseresn8@seattletimes.com,2013-04-07,2807.0
11d7ab53-97c7-4fe2-ae99-b2b966484c96,Dreddy,Wykey,05 Jana Parkway,jkeefer0@mail.ru,2011-03-13,2295.0
92bcd93a-7176-4372-85b8-037fbf247481,Amye,MacFayden,41 Fulton Junction,acathrofv@pagesperso-orange.fr,2016-11-05,3863.0
d2938403-82e2-484b-85af-f8b8cee26920,Kelila,Probbin,63918 Forest Street,cdennisod@scientificamerican.com,2012-01-17,2830.0
5eb005e0-ea17-4e48-900c-b91a7b4f81ca,Alejoa,Grisewood,90 Rieder Court,acolbertsonfp@bluehost.com,2014-02-14,2801.0
36da87f5-e0cf-4a77-b7c8-9fa13586f806,Hodge,Sherebrook,3 Banding Lane,bdutchdv@yahoo.com,2017-03-28,2141.0
bdd07ba3-74d6-4055-b5ed-dc08761d833c,Conrade,Puddan,930 Merrick Point,dioannoupd@infoseek.co.jp,2017-06-23,2825.0
03db2f17-61e2-4c8b-a28f-6c10efda1bf3,Gayelord,Balding,865 Hagan Street,ksedgemored7@mtv.com,2014-08-26,3911.0
5e4c890a-0114-4fd5-80fa-87c9e5bc0763,Lily,MacFayden,40972 Kipling Drive,sfelipemm@illinois.edu,2016-08-12,2119.0
dec6a598-a2a9-49be-8417-958c924f0e8e,Dyann,McCoid,4416 Manitowish Alley,ndensumbeqg@sohu.com,2013-08-08,2271.0
85be9df9-55f1-47c3-9225-648ab1ad6488,Rhodia,Boyington,12 Village Court,felleset@storify.com,2011-01-02,3357.0
047aae4b-82a6-475c-8cb9-7225dc5ad329,Appolonia,Grant,913 Veith Trail,lmcilraithda@clickbank.net,2017-08-23,2002.0
26dcd9b3-d9b4-4fe3-82b9-613275497ea3,Hilde,Berriball,028 Transport Parkway,bfermoyl3@japanpost.jp,2010-12-21,2870.0
0635f74b-ff26-45d7-802e-67edccc846ab,Lily,Berriball,1 Sundown Park,obarrowcliffe3i@cbsnews.com,2015-01-07,3458.0
895d5328-9169-42f1-b84c-2f2d34bdd983,Kelcey,Trundler,002 Almo Drive,hpinder7d@ebay.com,2014-02-22,3278.0
46d8451c-06bd-4970-841e-86d9c32a7fb8,Bernhard,Fincke,4047 Steensland Plaza,chinckeso@infoseek.co.jp,2018-09-18,3889.0
69e757d9-b846-47a8-a985-8890d2f91eb4,Viviene,Urlin,83 Kensington Point,ssmallcombq3@webs.com,2010-04-16,3295.0
c33a83d6-b9d2-43f7-a81a-2ec2b72b243d,Hodge,Shakespear,672 Parkside Point,avanmerwept@slideshare.net,2013-08-30,3097.0
eba76d0a-0fb7-4bdb-bd13-6aa78fa2f7d4,Delmar,Bartlam,91215 Tomscot Trail,aclemontsba@latimes.com,2017-02-22,3987.0
95e115a3-879b-4d84-ac8f-8fa412c7d0fa,Alyda,Peeke,12687 Nevada Pass,fmacilhagga1i@senate.gov,2015-11-09,2355.0
83c1bb3b-e7ec-4a24-9947-739fbfe08e55,Bertrando,Brunt,204 Sauthoff Place,tosmondan@chronoengine.com,2014-11-07,2583.0
9ec47dfa-7392-4c55-8884-1ff44b826df0,Marissa,Grisewood,95 Tennyson Way,achivertondk@ucoz.ru,2010-08-07,2591.0
fb3c8d46-f699-4448-b809-fa1c2db8281e,Cecil,Berrey,7169 Golf View Place,jcaplanpv@blog.com,2016-06-04,2076.0
ef6551c9-6770-40ba-9ab0-ab645ac51dc1,Rhodia,Czapla,1878 Blaine Pass,tdaneluttipu@umich.edu,2015-11-14,3404.0
cbab9dca-8fd6-4411-a85d-492cbcca9fc3,Rollie,Farnes,59 West Court,mchamneyp4@freewebs.com,2016-06-30,3728.0
cd1a4ec7-8eb8-4fba-b5b1-22e98f8bdb14,Amye,MacGow,0 Dayton Way,pcapnerhurst2@japanpost.jp,2011-11-12,3780.0
7f1e20e0-9973-4fd4-a3a4-09a93084ed98,Kelila,Szymonowicz,49676 2nd Road,mellerby8q@pcworld.com,2015-12-11,3668.0
aea909fd-7812-4f3a-9905-2394ff98173f,Lily,Varley,79 Prentice Court,mtapperlw@bravesites.com,2014-10-03,2901.0
425a13e7-c6a5-4ba4-a9c1-f7769d5f99b7,Bathsheba,Clearie,72 Scott Center,erizzoqf@storify.com,2016-05-16,2938.0
02dea18a-e1ad-4169-97b0-35b2408000f3,Conrade,Greystoke,47978 Cody Hill,mpopleygf@com.com,2011-10-05,2050.0
e9235823-c772-49a3-ab91-945b23f28a3d,Petunia,Renshall,9 Fordem Crossing,vtousyq4@quantcast.com,2013-10-14,2923.0
affeb776-fd1b-4963-90f4-b752225f6daf,Farr,Farnes,14 Monterey Place,efooks2f@intel.com,2018-07-21,3862.0
d3d11975-b62b-4410-82cd-6fbb4de7e8f9,Hilda,Shakespear,70627 Riverside Plaza,nstollsteimerd6@nsw.gov.au,2018-06-20,3341.0
6720fd5e-1682-4f45-ada8-9348e53cbc03,Donn,Gosforth,451 Macpherson Alley,aantonsenqw@oaic.gov.au,2014-06-19,3966.0
997951ae-c483-4c91-b89c-a95f86df7e94,Homer,Offield,43111 Dapin Avenue,mbauld4v@apple.com,2010-03-01,2485.0
f8c6b117-6c69-42d5-bb23-c0bef05d4020,Amalee,Leipnik,14 Coolidge Trail,bbrugger3f@cam.ac.uk,2012-07-21,3191.0
a02c21b0-2c1e-49c8-a4ec-ee9e4594e5dc,Bentlee,Tureville,6207 Hoepker Alley,millingsworthou@artisteer.com,2014-06-12,3843.0
02fd265b-d3ff-4d2b-b6df-5b57c4d07b2f,Madelina,Tureville,5 Ramsey Trail,lchristermx@mac.com,2010-05-03,3466.0
815f9ad7-13f4-4a6a-93fc-62775849991a,Merola,Bryde,35888 Eagle Crest Court,gnaismithi8@accuweather.com,2016-07-21,2341.0
297ae9e8-2d0e-404e-96fe-75b0df5c4b9f,Amie,Grisewood,379 Hintze Pass,bdouberdayh0@ucsd.edu,2012-12-02,2853.0
380e8145-aa21-49e9-a759-f451cec6b7ed,Amie,Einchcombe,618 Dexter Road,bseviourk5@adobe.com,2017-07-03,3942.0
3829e2c7-d7f3-4a28-a20b-aafc3e7a0e6a,Roma,Grisewood,02 Heffernan Way,mfishendeno9@infoseek.co.jp,2016-07-04,3608.0
1beef6f5-4f67-4f1c-9314-f85dcc97142f,Astrix,Gosforth,49115 Duke Park,lmcilraithda@clickbank.net,2018-09-23,3826.0
0e46f34f-42d4-45ef-bf82-d76bb572fa87,Northrup,Offield,54403 Summerview Road,gdegouyiv@moonfruit.com,2017-08-23,3352.0
0c4c8e65-e75c-4058-b2c2-9b347f4bb86a,Micheal,Trundler,8757 Jackson Drive,wschurckenm@walmart.com,2014-12-02,2866.0
f4d510db-81e4-441e-b267-96ca37d50779,Wallace,Farnes,55931 Northport Way,idilnotnl@umn.edu,2012-02-20,3406.0
0584912c-8357-4e0d-9913-a85b75b8a475,Elisa,Elderbrant,99 Pawling Point,hmattiuzziax@ifeng.com,2014-08-30,3860.0
e7250b7a-47af-4431-98f2-07c35f530f7e,Brier,Puddan,365 Ruskin Hill,weykelhof1z@timesonline.co.uk,2015-11-29,2625.0
9274304f-fea0-486d-8608-d0911623d15e,Augustina,Pauls,365 Ruskin Hill,kbateson19@123-reg.co.uk,2013-09-25,3678.0
