b78ef6de-ad96-4cb7-85c4-c20312dbffdf,Nickie,226 Maryland Drive
df9949b7-0541-480e-a827-6d79680d2b98,Kelila,24396 Buhler Park
a965edb4-a64d-4c92-8090-be317a7febf6,Phylys,77 8th Terrace
90c42ab8-88bd-42c1-bade-e2ea6a47cba2,Alejoa,45 Orin Point
0e0679f9-4b78-4fbe-9c40-0e27705a20ac,Francklin,15 Pennsylvania Circle
72d301aa-0592-4351-afb0-4b68282a7ace,Hilde,11865 Southridge Junction
b10f890f-c7c3-49ec-87cf-35733a08b49f,Roma,08445 Novick Plaza
72612980-7cf4-496b-beb3-d1e47fc8491e,Rhodia,0 Anthes Center
8967cdb1-4ae0-4828-b584-5a28879eadff,Alejoa,9517 Summit Center
71559f0b-93ae-48f5-980f-216e734f31f1,Bertrando,2 Maryland Hill
f8160806-85ac-4b7f-bccf-0d67a8a3f9e1,Yves,02 Heffernan Way
81beab1b-babb-4fb4-8ffd-2a63678efe32,Ellen,1 Cascade Plaza
118e4842-28d7-48dd-bf6e-72ace4060556,Roma,96424 Buhler Park
61c83ff6-dfba-4135-8c34-70b390405e3b,Hilda,2 Russell Drive
e7a1a552-df2f-49a9-a614-cc9fbf56ad3a,Elroy,816 Lakeland Park
3133d205-184b-421a-91fd-a538bb3b2275,Lanie,9 Fairfield Lane
aa7b3a62-445c-4e1f-8694-852319f86bc1,Annaliese,98 Onsgard Drive
2a283e5e-d943-4379-acc7-431e6244734a,Charlton,6307 Pennsylvania Street
f46ff56f-5eb1-46e7-a458-e78bcaa748d4,Ellen,69 Dayton Court
594bfec8-a16f-4082-9b16-5e207b3cc119,Donn,0305 Ridgeview Trail
5c1783b4-1c5c-4012-85eb-03f9083513ca,Rollie,71 Sunfield Center
00f99af4-b73f-4b07-b62c-225e86a2888c,Archambault,043 Huxley Place
6a6e698a-a40d-435a-8647-e64e0520d1b8,Micheal,9 Bayside Parkway
b751dd99-2b7f-43fb-b068-a3874d931c24,Bernhard,7 Valley Edge Alley
f86d789f-97a2-44e7-bd03-179be1e122cd,Lucais,81060 Shasta Center
2750a17a-0b78-44ae-97b7-adcaf445b9a2,Francklin,88 Elmside Hill
f711224b-3296-4474-aa81-684bbecd3b45,Northrup,759 Mosinee Trail
758754f4-4454-45a0-9a3f-cb66c37180d7,Phylys,5 7th Way
699625b2-67e2-40f0-a7a8-8c3b21dd6907,Asa,29 Northwestern Terrace
dbc996c5-23cc-43f9-97a8-24e59fd81d4c,Anabella,7630 Straubel Alley
09a6bb0c-e524-4cb2-bb60-7b41594599b4,Micheal,7250 Express Place
9e4bdf9b-353b-4ecb-8f84-9ad957045b71,Meyer,010 Leroy Center
5ac97ddc-0534-42a0-8851-560b8f8a21b9,Candice,523 Hoard Alley
233c951f-5cc6-4d11-a5eb-d57390efaac7,Shela,38154 Mallard Pass
a8297272-a93d-42a8-bcd8-c1e77569f230,Ardith,4 Beilfuss Alley
97bb44b1-bc50-485c-a238-c0eba8492081,Northrup,1 Sunbrook Junction
50f13ca4-ea11-44a3-b12e-1c955796ec57,Helaine,1992 Buena Vista Road
7f62725a-03cf-47e3-ac20-9e9e38699863,Phyllis,349 Randy Road
1759b9e4-aa62-44ba-b443-1263eda48c2a,Keri,4 Morningstar Circle
6c1ad403-156a-4563-a9c9-0b9b912fb320,Cecil,84 Hintze Park
61ad2958-c1c0-42c7-b070-1dcb8ce7b1bb,Rhodia,54 Utah Circle
d6997439-c1bb-450a-a677-7bb03a00b861,Amye,39 Ridgeview Alley
b38aed5c-0fad-4223-94d0-46461097ecdb,Alfredo,705 Hansons Terrace
c917e3ba-3e55-43d0-91d3-2792aab03761,Brier,969 Oneill Point
0d1c2b8b-b5ae-4ae8-a7d9-e9dee0293aa0,Ki,6996 East Alley
1de5be33-4bed-4ba2-9efa-72bc55dbecb3,Alyda,7 Arkansas Lane
0f92f6c3-f79e-4d4c-84be-80c29588f525,Dreddy,33213 Corben Trail
56f866a8-41bc-406f-b3b9-2ea531b79512,Alejoa,2 Blackbird Avenue
d5f54b0c-fd6c-4dd4-8dce-9cc4d9b53fff,Yard,3 Express Terrace
e39b150c-5623-4b1f-855b-4a0b021efe6c,Northrup,05 Jana Parkway
79115b4b-406e-4992-83f8-c4221fb7640c,Julita,77839 Merrick Way
8e299db9-803e-418a-8c73-5070a17eca08,Candice,79097 Riverside Street
2b9c73f8-4788-40f1-807c-55d05f3f56d4,Ki,51 Crownhardt Road
b1c222d4-71f6-448a-9ebc-22d8864d66b1,Tamarah,40 Kensington Alley
14f9cff4-d8b6-4d70-98b0-9cf4fbb7375e,Augustina,56 Eagan Center
d0d53d19-6017-4242-bdce-a5f42eff4881,Merola,722 Cascade Parkway
1b84ce51-0460-4b3f-8eec-33bc7778b67e,Mikey,0937 Twin Pines Center
7a281a94-3763-47d7-97a3-a8df3870c5b7,Anabella,4184 Mayer Hill
01509544-4fa8-4573-b84e-ba41557a1314,Drusy,59031 Village Green Pass
40babba5-7f2a-45b3-8948-888462f9d595,Marissa,36925 Bellgrove Trail
761f5e85-6ec5-4a9e-9120-1069c7537daa,Dyann,436 Continental Junction
27ac2478-53fd-4a2c-bed3-b765cfa5ddc7,Dreddy,79097 Riverside Street
98e1b84d-b161-4042-8bf1-689457da94eb,Meyer,6475 Forest Dale Lane
ef2e1d43-aaf4-4621-b20c-4349a54f538f,Phylys,500 Old Shore Street
3fde06fd-d84c-4190-a908-a4a64b1c07e1,Ardith,2 Upham Trail
f8fce97f-2cee-435f-b9dc-22a6a41618fb,Anabella,28998 Surrey Lane
7dd2bd0b-ad89-462f-bd32-feac1e4fdbdc,Bernhard,663 Arizona Alley
5fcc4da6-78e9-4d04-868b-39963abb1487,Wini,33108 Pepper Wood Center
f5507821-f634-4df0-a4f5-0dc75384f5dd,Archambault,27 Pawling Road
cbb5d1c0-a219-4288-a485-5ba52ef9b07e,Mikey,6 8th Point
507862b3-e220-40ae-96e7-67a705589a96,Devlin,10 Main Parkway
758b6fc5-ab13-43ed-8bf8-e52d314873a0,Bertrando,80 Vera Park
d23804dc-4ba2-44f2-9894-0281de6f8234,Hilde,9965 David Hill
7875276f-0bca-4e8d-964b-a9001455d21e,Eberto,9 Clove Crossing
e579cc3a-3008-4e97-9f2f-23d5dcc96544,Bernhard,78 Prairieview Park
edcc233c-5ba9-475c-9f12-4f8d6cc9a6f7,Keri,9315 Northwestern Crossing
32f896db-3341-4e4c-91a8-91a33422ae70,Hilde,61348 Hollow Ridge Way
92ba451e-7be7-4b11-bd9c-c19df08162a6,Lily,99 Autumn Leaf Junction
38cffe6a-0cf8-4f09-a75d-0e7ab55c1f23,Vevay,1 Stoughton Park
4aaf0e4d-8bdd-47dd-ab02-a90831b8011f,Cecil,9 Emmet Way
b2ab927b-30f3-46af-9a9e-7391aaa8229b,Dyann,4366 Vernon Pass
bd58a182-2b6b-4506-b9eb-156b2ee03ebc,Richie,817 Lighthouse Bay Junction
de54e3a3-dc2b-472c-82d6-9c52576dbbc7,Annaliese,723 Dayton Drive
908dd796-d0bc-4758-895d-5fab1ff0e66f,Marion,12 Village Court
96e56588-a2b1-43a9-b981-e0ea6f20e6e5,Ellen,7 School Circle
d1ac942e-843b-4201-8cb7-08bca33cfe98,Milka,63 Dakota Center
a48a1313-96e9-4844-997f-8735f9ba9e95,Franzen,96 Burning Wood Court
60a8aac0-c575-4888-9e61-3302a0be7ef7,Delmar,6207 Hoepker Alley
c149564f-85ed-4dc0-9aac-cd35612dab19,Francklin,0889 Carioca Junction
8c1ea43e-8fc6-43b2-a17d-811d66f73aa9,Brier,0889 Carioca Junction
3bb4ebd5-7380-4e70-a510-1fb7a4c03c36,Alfredo,7 Granby Alley
079929b1-639c-406c-8385-30a6289dd042,Francklin,37691 Eagle Crest Center
ddcdf0fa-b12b-45ae-a0a9-87fc7d2d3273,Annaliese,722 Cascade Parkway
bff29831-81ba-4dc4-8883-fe78c813c168,Vinnie,77 Pankratz Place
e80a0e9c-120a-4ecb-892c-d8a59e2a20e1,Wini,97 Nova Circle
4976892a-81fd-4c7c-937d-8d245ff678f8,Elisa,601 Anniversary Avenue
133f3069-5252-4baa-ba77-8f3e51fbeb23,Anabella,409 Sherman Plaza
86024bc7-5a39-40b7-8ba6-790e8e784cc1,Sukey,002 Almo Drive
8f3c98fc-5cf5-4f48-a97c-006345e464ce,Berk,14087 Beilfuss Terrace
2714ef7a-3b4a-40ea-86f3-f077e2b075f9,Conn,21 Namekagon Junction
