b42c9b9e-2dbb-47ec-8954-a1ecc9a0c818,Gareth,Voden,96 Merchant Way,millingsworthou@artisteer.com,2014-06-10,3549.0
8bfc402f-73db-4e9f-afc4-1ede8b3cfa75,Candice,Kornel,4838 Jana Alley,dmeadmoredl@adobe.com,2010-11-07,3823.0
ccb2847c-9de6-46ed-9569-1bb9c07f2027,Viviene,Offield,1 Welch Pass,mlengleto5@flickr.com,2010-05-23,2548.0
e9bdd5dd-2ef7-40ca-bcb4-0dd664e24ffa,Gage,Hebden,7 Grayhawk Plaza,srechertb5@ftc.gov,2016-06-28,2948.0
c39543f5-1d26-4bf4-b6de-f779e4fec551,Bernhard,Tureville,70 Clemons Trail,aaidlerhu@ehow.com,2012-03-12,2645.0
4591d51a-ddb8-41c2-a383-0446af10d49a,Bernhard,Trundler,5397 Vernon Alley,sdilleye1@imageshack.us,2017-06-29,3865.0
56ad7cb4-8c30-4a59-a9ee-9b51363ec44e,Micheal,Grant,9 Doe Crossing Court,vschermebo@github.io,2010-10-16,2331.0
6fa21f97-465c-4f38-875b-358ac0f7de5a,Ardith,Zanardii,477 Loeprich Court,esnadeng@narod.ru,2010-12-02,2091.0
e8002c41-0b20-478c-ad69-3f8c9dfe7c6c,Helaine,Nockolds,47 Vahlen Avenue,ksoutht@dropbox.com,2013-10-28,3331.0
02908fed-5876-4c6b-a600-e7540d9a68b6,Franzen,Puddan,010 Rockefeller Junction,amcarterc@ucoz.ru,2018-10-15,2409.0
4d6eb2ea-b0a9-498d-8c1e-173c111e444e,Petunia,Rebbeck,71683 Magdeline Avenue,reirwin3p@java.com,2018-04-30,3534.0
badc9c86-3a8c-44b6-b376-d75d8baba561,Ki,Czapla,5 Graceland Terrace,efernse5@360.cn,2017-07-11,3919.0
5788964e-3a84-4148-8499-b9b666cb9788,Milka,Yourell,6 Morningstar Place,lhucks48@sphinn.com,2012-01-09,3133.0
c8cd55b4-d6f9-4179-b347-fd77388c64a6,Franzen,Beavors,04236 Hauk Alley,fwreightbh@opensource.org,2016-04-04,3043.0
10a82735-3a2a-434b-8e5a-706401d1bacb,Anabella,Hardson,7014 Northport Parkway,efashionel@seattletimes.com,2012-10-26,3697.0
4567cd2e-3dbd-4b76-8822-53bf178d25d2,Annaliese,Coldbreath,57 Northland Place,ebrundall2x@ted.com,2018-05-11,2857.0
95b4cd55-aab6-4711-9077-84d376540269,Nari,MacGow,40 Barby Park,eandersbz@live.com,2013-11-02,3905.0
d0e8fbfa-8577-44b4-8f62-e64ae35ac709,Berk,Jennens,28998 Surrey Lane,gphizacleakc@yelp.com,2013-11-21,3972.0
4607ac93-3cf5-4e33-8b2c-fd11f8da81dc,Asa,Meegin,10 Gerald Road,gsibbsa7@miitbeian.gov.cn,2011-11-30,2448.0
ffcfcd7a-097d-43c7-93c5-2e5cdd8b8f57,Homer,McGawn,0937 Twin Pines Center,kvassar4j@is.gd,2012-02-07,3282.0
a74e0e1c-d4e6-46a2-a2db-3cda018d792b,Kelcey,Duffield,2 Hagan Pass,agydekd@eepurl.com,2010-11-19,3027.0
5d1bd283-cd15-452c-a8fe-47939edab5d4,Sydney,Fincke,7 Lakeland Park,akalvin5l@time.com,2011-05-25,3227.0
16f2f22e-3e69-4688-b772-995c96a57b9a,Lucais,Voden,64131 Little Fleur Terrace,pmouldinggt@unesco.org,2012-10-07,3752.0
6bb728ca-767d-4b34-bdde-c04aa9abfd0d,Annaliese,Shakespear,7910 Atwood Terrace,mblessedgc@bandcamp.com,2013-07-14,3260.0
d0e2f56c-5b5f-4d6a-809a-ae20767938aa,Delmar,Boutflour,3169 Victoria Park,mnehlsap@apple.com,2016-09-08,2093.0
80dbdc58-9d63-4cc2-8ef8-9a05a7ad9676,Alyda,Trundler,88 Welch Drive,fmccreedy1j@icio.us,2010-12-03,3885.0
11866f56-8e90-47e9-b214-d909e15edb51,Vinnie,MacGow,72 Scott Center,snorvellmt@canalblog.com,2017-12-15,2526.0
ff7b3d84-3fb8-4567-84bb-5f0d4211c171,Hildegarde,Gutsell,28020 Northwestern Park,bmaileygw@cafepress.com,2012-05-27,3064.0
287484c7-2ee4-4288-9fbc-6a8e10d69f79,Hilda,Sillitoe,010 Leroy Center,bfalconar7p@odnoklassniki.ru,2017-05-22,2268.0
3d56283a-c9fb-44ac-8609-1340c8b8733f,Viviene,Roon,17 Mesta Alley,jelveyga@hc360.com,2016-07-19,2523.0
2da817f6-6a06-4c8b-8eac-5031673657bb,Roma,Ellice,090 Vernon Junction,khutchisonb@uol.com.br,2012-02-12,2367.0
51155f44-0458-47c6-8341-1a72cf6267cf,Donia,Riddiough,337 Fulton Alley,ccousinsr8@surveymonkey.com,2012-04-21,3608.0
f2608683-7a4c-42b8-a526-528fc8e237f2,Dreddy,Giacoboni,33420 Buena Vista Avenue,lselkirk7n@spotify.com,2015-02-19,2544.0
f6cfe4a8-5485-4fde-8a3b-58556b72a41c,Bryon,Wollard,24 Westend Plaza,hshimmanaq@answers.com,2010-05-17,3994.0
739f668f-e2bf-4b18-81ea-2dcf26c9f25b,Bernhard,Tomasik,39 Fremont Way,hleirmonth4n@zimbio.com,2012-10-22,2057.0
830d1b2a-2b81-465b-86de-1fd4846fb52c,Aigneis,Zanutti,35888 Eagle Crest Court,hjoanaudms@pen.io,2016-04-13,3919.0
151e6878-bbe2-4c70-b6ee-91ef9fbd8e9b,Yves,Ratnege,409 Dovetail Circle,kmatthewsfg@indiatimes.com,2015-02-25,3206.0
7606b2b8-334d-4163-b0f6-766d6e1ef28a,Yves,Brunt,55 Buena Vista Center,ssharman7@state.tx.us,2017-11-07,2826.0
171be5b8-ae97-4007-a4d3-a320b17da32b,Tamarah,Berrey,74 Hansons Crossing,jpaliser33@utexas.edu,2014-05-17,2695.0
9095463e-3b01-408c-972f-556410c95f9e,Lily,Yourell,31 Moulton Lane,lcalderonav@globo.com,2012-02-18,2820.0
d6b95b25-709f-4ff6-b382-f365a1de1fb5,Wallace,Kippling,60521 Talmadge Pass,leverillri@ehow.com,2010-04-18,3136.0
86c16c50-8494-49eb-a039-42df6a7353f5,Vevay,Nockolds,35 Prairieview Court,idilnotnl@umn.edu,2010-06-06,2182.0
241f6e4f-f943-4745-81fa-a858d2c0f69c,Candice,Harbison,49 Kennedy Plaza,igladbachow@mlb.com,2018-05-20,3171.0
b3473dc8-2d80-4c39-95cb-6fd76c1a3210,Sukey,Wykey,8 Dunning Crossing,mrounds52@tiny.cc,2012-04-03,2094.0
f510bb93-a735-4225-acee-97dec33d63c7,Nari,Puddan,97847 Nelson Trail,eborthek0@chicagotribune.com,2010-09-13,3516.0
ddb5c4e8-325d-42e9-8b20-ba5827d4e384,Ellen,Diemer,9965 David Hill,asemmenceat@ucoz.com,2010-07-06,2675.0
4f6f4342-73c7-4b49-a41b-8d625e628687,Northrup,Wykey,76 Roxbury Avenue,cbreens6d@weather.com,2015-01-19,2683.0
6887334a-4384-4c4b-953c-4c44e113829b,Rhodia,MacGow,47 Linden Terrace,ibritnerdp@etsy.com,2014-04-30,2097.0
96be501a-63c9-464f-8255-78d65ca24ddf,Donia,Heistermann,08 Rusk Pass,cbarnethp@nba.com,2014-10-03,2449.0
6879322b-aee3-4cdb-8fc5-ada527bce205,Anabella,Peeke,0 Dapin Crossing,fdumbar7o@techcrunch.com,2018-02-07,2022.0
3b846b38-e172-41b1-b116-c970071f3009,Bamby,Adolthine,49676 2nd Road,pcapnerhurst2@japanpost.jp,2015-12-31,3280.0
5153b682-8b71-433a-a604-b7fce318cd72,Bathsheba,Currell,7 Weeping Birch Court,twaleworkeqh@nba.com,2012-09-25,3286.0
b0adf6c1-69b4-48c0-af23-66bdf1f2cf5d,Eberto,Bryde,6207 Hoepker Alley,rflukesnw@comsenz.com,2014-05-21,2589.0
39701eab-5e3c-48c1-aee8-f589611af35a,Gayelord,Glede,0937 Twin Pines Center,ddemarsgq@gnu.org,2017-11-04,3822.0
05c7bf8f-7df1-46b6-ab88-c75d293932c5,Astrix,Offield,894 Muir Circle,sgeorgiev6v@sourceforge.net,2017-10-17,3071.0
064f1389-6330-40eb-a149-07ad160bfe08,Kaela,Mebius,288 Russell Avenue,cweddup96@smh.com.au,2011-05-15,2409.0
1afa180b-24b3-4732-b4b1-c046eef2b4a0,Halimeda,Offield,12 Linden Lane,hcarlaw6n@github.com,2018-08-22,2820.0
2ecbb620-b4e7-4add-a340-aaa6b4d1c275,Hilde,Beavors,80 Columbus Road,dalesin9i@smugmug.com,2011-12-19,2471.0
6dc4e209-8ef9-41f2-96f5-1119062849f3,Elisa,Einchcombe,8441 Hoffman Plaza,oentresg3@constantcontact.com,2016-08-08,3467.0
7fdcba8b-345d-46da-a8e2-415f02644fce,Elisa,Berriball,40 Sommers Terrace,cshimwall2k@sourceforge.net,2013-10-03,2048.0
c5dbb558-a21a-4e23-8d7b-eca81f22b359,Mikey,Clearie,54 Spaight Junction,kmaccrachenaw@pen.io,2017-06-04,2920.0
cb4e5838-af0b-49e3-a094-3a2a75872c84,Hildegarde,MacGow,442 Petterle Road,bjarretcx@bbc.co.uk,2014-06-11,3006.0
135bf058-4e82-49df-b73e-e00215fd68a8,Bathsheba,Harcarse,671 Dennis Avenue,mroubycb@google.nl,2016-02-22,2133.0
1d546975-68c9-4319-b48e-d5bacbde8382,Kelila,Fincke,1 Sundown Park,pyuryshevra@dailymail.co.uk,2010-02-21,3699.0
b312ad2b-2406-4e2c-bac1-dbfd64fc666f,Gayelord,Trundler,86886 Blaine Alley,aallakerp2@spotify.com,2010-12-04,3300.0
15500efb-3e69-4b4b-a7c7-cd815b5a6bfa,Ardith,Riddiough,6307 Pennsylvania Street,msilvertona6@unicef.org,2011-09-22,2321.0
adefc21f-8494-417c-81c1-ea323cc6114d,Shela,Dionisetto,799 Riverside Alley,rcaudrelieriz@nps.gov,2010-03-20,3918.0
70ce4cfb-fa02-4ec8-a1f9-227f08d3da6c,Kaela,Farnes,02672 Pine View Alley,eduffynkb@fda.gov,2018-02-17,3168.0
0ce5759b-42a6-4f13-bf76-0083be13c980,Northrup,Jennens,10 Gerald Road,dtoothpl@sbwire.com,2016-06-10,2311.0
b6027038-6dc4-4a78-b9e0-49319348a55c,Charlton,Shovel,4 Kedzie Street,rfrancklingd@artisteer.com,2016-10-15,2560.0
3504234d-3901-4845-bf07-00b668a787c6,Gage,Hardson,353 Columbus Hill,relletonau@elegantthemes.com,2010-07-01,3177.0
7c5c19c5-e06a-453b-b671-44428fe2c2c1,Amye,MacGow,27545 Cherokee Trail,aitzkovwitchn7@qq.com,2018-02-22,2803.0
d0c7e973-74a3-4961-8110-e5fb291a1504,Hilde,Renshall,7 Stuart Street,feastridgerq@prnewswire.com,2011-04-03,3742.0
3e4e9e7e-8857-4c85-bfa6-344049b01752,Petunia,MacGow,7 Ryan Trail,romeara8z@stanford.edu,2011-08-03,2641.0
3ba72558-870e-4ff1-a71b-6ed50aa092a1,Gareth,Grant,16 Fairview Alley,wlewingee@msu.edu,2011-11-07,2255.0
d0ff1f8f-5623-4e2b-8cd0-c11141522138,Alyda,Brunt,10 Karstens Terrace,wromanskict@oaic.gov.au,2013-12-12,3234.0
e3b1e599-52ed-4e9b-a946-4093a726867e,Franzen,Sherebrook,456 Forest Parkway,wkmiecfx@wiley.com,2011-01-03,2706.0
6b024537-a893-4ddf-af87-d6364d41b509,Vinnie,Ratnege,79711 Larry Road,nschankelborgor@rediff.com,2014-05-06,3230.0
8c15dc48-00d9-43f4-93e7-f8e1b0921ccb,Rhodia,Clearie,08445 Novick Plaza,fsansdb@shop-pro.jp,2011-02-15,3651.0
f441dbf6-0c79-415e-93ac-31ea3d6a9412,Janice,Boyington,656 Farragut Alley,cfellini16@cdc.gov,2016-06-26,2842.0
1bb0341b-4431-46bc-aed7-513821f47c2c,Wini,Hebden,9823 Wayridge Crossing,khousdeni@ucoz.com,2015-01-24,3893.0
ff565c85-d75b-4d42-b592-0275f03123b6,Bathsheba,Heistermann,4671 Drewry Plaza,ksedgemored7@mtv.com,2011-10-08,3636.0
3fb9da5c-c435-4ac4-9384-f9bf0ccf0528,Sydney,Wykey,2652 Hayes Alley,sdaelmany@com.com,2015-09-09,2271.0
c77df6e0-b9ed-4834-bc20-d110c9d9976d,Donia,Varley,17130 Kingsford Road,fdundredgemd@indiegogo.com,2010-12-03,2223.0
334da7bb-5921-4757-8292-5042001c35f1,Donn,Kittoe,54291 Heath Parkway,tjakoubekov@pcworld.com,2012-07-22,2890.0
50340def-f827-45a7-9287-ec98a6a5af0a,Milka,Fincke,40 Kensington Alley,ihargrovesip@4shared.com,2013-11-20,2695.0
b7301b73-0ed8-47d8-a018-8d363012c86f,Alyda,Gosforth,7169 Golf View Place,dwigfieldr6@angelfire.com,2012-10-22,2270.0
c16a7fb0-e50d-4aaf-962e-b60c9cf6a575,Mikey,Clearie,3861 Haas Road,dnorfolk5a@scribd.com,2016-04-24,2060.0
2e720243-da4f-4aef-bc20-09c110fad0ac,Yard,Sedgman,31 Moulton Lane,tmatuszinskijd@cmu.edu,2012-09-13,3019.0
a1e3e47a-11f7-4d14-a9d4-f7acf7aa6c47,Wallace,Szymonowicz,150 Esker Crossing,ibritnerdp@etsy.com,2014-12-14,3704.0
ad5b7837-aa29-48cf-a528-5dce004d2e32,Phylys,McMechan,029 School Hill,fmulvaney4l@prnewswire.com,2011-05-31,2703.0
84c94871-26d1-4edc-b6cd-1f715c2f8677,Nickie,Wykey,2 Union Center,tcorradinoep@ow.ly,2016-08-22,3203.0
e3190889-d809-434e-80ec-2458a8da6ff6,Bertrando,Coton,663 Arizona Alley,ehallahana4@jugem.jp,2013-01-18,2009.0
3030dbb9-3a8f-4966-b682-e3214bee27d2,Elroy,Sedgman,6433 Little Fleur Terrace,sfuzzeyqn@newsvine.com,2012-12-16,3149.0
97ad52cd-9e80-424b-9f17-dfb3cc8de3dd,Dreddy,Mc Comb,7 Parkside Court,kpeirpointeq@symantec.com,2012-06-23,3997.0
c48ed81a-3430-4b0f-b27a-40a12ac8c136,Appolonia,Wollard,80 Hoepker Court,cdennisod@scientificamerican.com,2017-05-20,3954.0
b0c342b9-45d5-4178-871f-48718b5dc602,Nari,Leipnik,70811 Bashford Hill,tfleuryio@squarespace.com,2016-02-27,2463.0
bdcac63f-8067-433f-af70-a15fae64b0f0,Alfredo,Boyington,2 Commercial Hill,mcohanelk@amazon.co.uk,2014-05-20,3371.0
396495a0-c9ed-444a-b1dc-6a808baff3da,Farr,Grisewood,67 Mariners Cove Lane,mtorrisif5@accuweather.com,2013-05-29,3825.0
8882a317-14a9-4830-b2c7-816b17834505,Annaliese,Harridge,60 Ryan Point,cloblecg@nasa.gov,2011-05-04,3328.0
