ce346b4b-768e-4edc-b424-f2c08f670c58,Wini,010 Leroy Center
00369d62-d0b3-45b4-b00e-09ffc1c05d12,Aigneis,908 Maple Terrace
5dc73a3b-36f2-46dd-a740-52a98cdbda40,Elroy,7 Weeping Birch Court
23f95a92-dd02-404c-a78f-eec6386d68e3,Candice,6074 Eastwood Lane
bb7ffc24-4753-4326-99ae-b2bb29ef28cf,Bryon,817 Lighthouse Bay Junction
c9d38d1e-122b-40e1-a67d-4d6c77c58f09,Gayelord,9 Fieldstone Place
3ff3bfe8-b469-4ee2-b9ef-b49913843506,Candice,1916 Emmet Circle
79b63791-9759-4c74-81f3-401897a91e08,Keri,7 Novick Crossing
57bb2443-cb68-4122-b500-ba09d90af1bd,Kelila,60521 Talmadge Pass
d938727e-715b-4709-b144-ecb533c8d2ed,Conrade,868 Cardinal Way
8ec45702-9f19-4942-8fa9-40deb00fd9a3,Sukey,8079 Rusk Court
853cfaec-778c-4fe6-b3ac-48e8bbbab186,Aile,1 Judy Center
00d69549-90b0-4530-9ccd-5e33e9cf5341,Gayelord,937 Maywood Plaza
a3e38813-6b71-4024-a447-eaba9d8d78f2,Ameline,7 Stuart Street
199150be-0a39-470f-8db1-d17dfbe3597c,Sukey,7 Nova Alley
83819672-df4f-447a-bfcf-5b2d825c3328,Drusy,08445 Novick Plaza
117d8786-42ae-4d83-ad1d-857e5b8c83b1,Franzen,1707 Hazelcrest Center
e1454553-5e15-4b65-b3de-4a351d69b517,Vinnie,6 Nancy Parkway
0ecab114-97c7-4318-9339-94757eb24895,Conn,58269 Superior Road
6a7478db-5e16-4eb9-95ed-0ce05472e59b,Drusy,83 Myrtle Alley
9df44909-d24b-483b-9cd8-ee04045a52d8,Alejoa,969 Oneill Point
d7550f54-8f13-4ebe-aa7b-8f8c3fcec986,Augustina,647 Butterfield Pass
a3c13efb-c0b3-4abd-b8cd-57c80243eaad,Hildegarde,688 Melody Point
5d275f8b-2a03-41eb-a29a-3fc6c8a02066,Sydney,0559 American Hill
dce8a718-e733-4e8f-97fb-82f7c3cc862e,Bentlee,10 Karstens Terrace
fdc33488-a3b5-47ee-84db-49a34183e9d3,Keri,7529 Calypso Court
dc7d3d6b-ed20-441e-92af-ee2d112f09a0,Marion,5 Hermina Alley
6834b88d-feb1-4b78-9f7c-a995eb0e46a9,Astrix,1 Tomscot Circle
9d8a16e0-9e48-4d34-9227-c72f1e213b55,Conn,8 Waxwing Terrace
a20f28a2-99fd-426a-a2e7-3cc2d20c8740,Bryon,6433 Little Fleur Terrace
78046f76-a07a-4dbf-b35a-7e686211fff3,Meyer,645 Butternut Way
52aaa860-d08f-4593-ab54-7a3910756981,Conrade,8545 Mendota Circle
668ec5c9-d57f-4251-9515-cc30e77e9cf6,Aile,5 Center Park
b1abc270-fa95-49ef-9624-613137275d46,Marissa,00882 Hansons Street
552b822b-e3eb-4dc8-9224-641c91d17d43,Donia,7 Nova Alley
caf0408c-8b51-4c0d-ab0a-37fe9b98c45a,Berk,4184 Mayer Hill
417b3620-5db4-4039-98fd-0d0658dfd1f7,Aigneis,5 Sycamore Street
31c05e47-f97a-4d7b-8a1c-603c994db819,Elroy,7124 Roth Lane
a73c68ea-b748-4307-b715-414a634ef2cb,Julita,2 Blackbird Avenue
5438d65c-b3e9-4df3-aa59-3c3edb244cfb,Tamarah,672 Parkside Point
30122d05-ab53-4cba-a3d6-e14ec530ceea,Conrade,7 Valley Edge Alley
0fa7c5e9-eb99-4ce7-8d98-3c1757f3a4a6,Amalee,12 Linden Lane
0037b8b1-3a2b-46fe-be46-830f379761a9,Julita,0 Dapin Crossing
c120a7c1-35af-4173-ab4c-b473bae1b907,Aile,1992 Buena Vista Road
097efdb5-0672-42c5-b569-d08cca34def3,Vevay,8424 Waubesa Court
d055b346-5604-46c1-b760-463664644a7a,Sukey,4446 Brown Pass
fa682444-5a93-4871-8b6b-b6d27be35280,Elroy,19 Coolidge Circle
8d15f4c9-1f44-40bf-934b-bb0736ff0ea5,Delmar,7403 Upham Plaza
d3d26bcf-2daf-4bed-92bb-d24cfb92844d,Alejoa,705 Artisan Crossing
f96a2392-573c-408f-86db-e2301d96a971,Shaun,730 Anderson Park
8f5e42a5-080f-431b-81b0-4014514d6332,Astrix,51 Logan Road
b139239e-ef0d-4317-850c-5808019e4793,Ameline,6074 Eastwood Lane
e37729e7-9855-4454-9d9a-0fed093ae985,Homer,0 Sullivan Alley
43bcce15-55cc-48f8-bd64-311e93c8f74c,Delmar,68 Delaware Place
1f5842ec-d6da-4424-a5bf-be7b887b630e,Drusy,2 Reinke Drive
61fcbddc-ad66-4ea0-9bdf-a7ea1d0ecd88,Madelina,79097 Riverside Street
f39fa71a-36e0-4bb1-9772-b0b1091b9e54,Bentlee,3334 Thackeray Park
6dfbe9d2-875f-455b-b68c-182aeac2efc1,Helaine,2 Meadow Valley Crossing
639abd9a-32bf-4357-b000-e97cac347d83,Brier,5917 Truax Junction
ae3224e4-03dc-4158-b4ee-8185e74f2645,Ardith,424 Northport Pass
b5ba029c-f8fe-47ab-afdf-c45020473c63,Astrix,6475 Forest Dale Lane
af214d7f-8ee8-4bcd-a60d-81aa9f559e83,Curt,6223 Bayside Pass
088b7a27-ab16-43bf-91a2-3850ee0f84c7,Bertrando,043 Norway Maple Court
9adbfdcf-2fe9-45e8-b110-a9f5d6e5419b,Merola,927 Reindahl Alley
27c1d15e-0d0b-4166-b46e-aeba8419bb2f,Homer,672 Parkside Point
d984060a-3a95-4e55-b68b-d254a92c8650,Donia,327 Fallview Hill
4cf2d2a8-8bf3-49da-9197-8e4e5008d1dd,Minerva,461 Towne Avenue
ca6f5492-7e76-49e1-a270-6a0af37ad812,Alfredo,80 Columbus Point
13ebf866-9268-4320-ab67-c4d1eba366b7,Clare,99 Canary Road
1cce26df-9d99-4b20-8618-2ceda5e230e6,Kaela,7910 Atwood Terrace
db3953a2-08ef-4aaa-846d-ce5c1c765d91,Archambault,5 Mitchell Street
dee912c5-921b-4016-b5a4-18ea54bcf737,Aigneis,87784 Carey Crossing
07e6c811-f371-4070-93f4-ce9cbde855cb,Minerva,8239 Kipling Road
fda9a056-db4b-4100-b9a4-4b9156e54226,Conrade,28 Grasskamp Avenue
ab89941a-b4a5-4c6c-833c-5f1a4bdab4df,Elroy,37381 Larry Park
dffb8ca7-a8a4-4d7e-bc4a-e18ba3438338,Homer,0002 Sutteridge Alley
9509123f-79cd-441c-b208-00db7c0659c0,Bentlee,720 Superior Lane
3eeec9cc-294f-4e92-abbc-52ec518aa3d4,Candice,39563 Superior Place
6fe06e91-95d6-4b8d-ae98-1fdd90e063fd,Phylys,845 Straubel Circle
78a0494f-7191-413a-973b-7853890664d0,Augustina,0550 Ohio Road
6cafc8f5-fe2a-42ef-a6d0-e1abc69349c0,Ki,14 Coolidge Trail
1d3b676b-6ede-403d-86e4-8cc5628044ad,Archambault,3831 Buena Vista Road
1c9aa5a9-f7b8-4555-aa83-e9527181dad6,Northrup,39 Randy Court
79b56790-c57a-4253-888b-cec938e84101,Ki,96 Merchant Way
bfc9c58a-ff30-461b-8fe1-d4fb4dda07db,Nari,029 School Hill
5aa0f374-6c9f-48e5-9bef-7de1f54b783e,Tamarah,43 Kinsman Junction
517281b4-9335-4959-80c1-76726862991a,Yves,65150 Surrey Alley
b778b28c-0ba0-429b-81bb-e4544fc051e0,Ardith,69551 Sullivan Crossing
0b8c9838-d4bb-4c2b-bec3-4bb8d2eadca0,Annaliese,9580 Haas Junction
ebff794c-7f49-47f1-a518-63bb92228c13,Amalee,1 Welch Pass
ff12a29c-c235-4518-965c-da55cc60322a,Bernhard,32 Longview Drive
edcf0fbf-2a7c-4eaf-bb1d-8ba7ea4b1d34,Bathsheba,682 Del Sol Center
57e96bb9-1cf6-4000-82cf-962aa0846b50,Micheal,80 Hoepker Court
d7ac18e8-1a8f-47fe-85e8-05e30e04bc03,Merola,82245 Kingsford Point
25ad7976-3332-4fb8-9730-47c3e71bd372,Drusy,26454 Golf Court
da2228dc-502d-4b07-a577-a13104f52411,Ki,71683 Magdeline Avenue
4178fe92-2b37-40be-8947-cd5ce37f0b52,Meyer,63918 Forest Street
446dfa27-2e64-4f56-b0bb-23897749af56,Hodge,07 Charing Cross Drive
04900f2d-e643-41c8-ae92-83d0624c7473,Richie,29017 Carey Circle
d545dba4-fede-43e4-b746-75561aaa64a1,Micheal,7630 Straubel Alley
